admin,2025-05-03 17:26:19
admin,2025-05-03 17:27:26
admin,2025-05-03 17:27:51
secretary,2025-05-03 17:28:38
admin,2025-05-03 17:37:57
admin,2025-05-03 17:43:39
admin,2025-05-04 01:01:28
admin,2025-05-04 01:04:58
admin,2025-05-04 11:23:21
admin,2025-05-04 11:41:50
admin,2025-05-04 13:15:24
admin,2025-05-04 13:31:26
admin,2025-05-04 13:49:01
admin,2025-05-04 15:15:39
admin,2025-05-04 15:19:35
admin,2025-05-04 15:33:42
admin,2025-05-04 16:24:47
admin,2025-05-04 18:38:26
admin,2025-05-05 22:34:49
admin,2025-05-05 23:20:52
admin,2025-05-05 23:24:05
admin,2025-05-05 23:44:52
admin,2025-05-06 00:06:23
admin,2025-05-06 00:24:15
admin,2025-05-06 00:37:08
admin,2025-05-06 00:44:25
admin,2025-05-06 00:46:04
admin,2025-05-06 00:53:54
admin,2025-05-06 01:01:31
admin,2025-05-06 01:20:11
admin,2025-05-06 01:29:44
admin,2025-05-06 01:51:58
admin,2025-05-06 12:49:49
admin,2025-05-06 13:08:29
admin,2025-05-06 14:47:27
admin,2025-05-06 14:59:47
admin,2025-05-06 16:18:40
admin,2025-05-06 16:39:19
admin,2025-05-07 20:43:44
admin,2025-05-07 21:31:22
admin,2025-05-07 21:39:44
admin,2025-05-08 00:15:21
admin,2025-05-08 00:31:36
admin,2025-05-08 00:43:12
admin,2025-05-08 10:24:21
admin,2025-05-08 12:36:22
admin,2025-05-08 12:40:35
admin,2025-05-08 13:34:55
admin,2025-05-08 14:06:11
admin,2025-05-08 14:18:16
admin,2025-05-08 14:25:29
admin,2025-05-08 14:45:06
admin,2025-05-08 14:51:01
admin,2025-05-08 15:09:34
admin,2025-05-08 15:14:25
admin,2025-05-08 19:13:38
secretary,2025-05-08 19:17:40
admin,2025-05-08 20:27:36
admin,2025-05-08 20:32:30
admin,2025-05-08 20:54:08
admin,2025-05-08 21:34:29
admin,2025-05-08 21:35:14
admin,2025-05-08 21:37:03
admin,2025-05-08 22:41:28
admin,2025-05-08 23:03:17
admin,2025-05-08 23:20:59
admin,2025-05-08 23:31:53
admin,2025-05-08 23:47:48
admin,2025-05-08 23:52:42
admin,2025-05-08 23:53:34
admin,2025-05-09 00:29:48
admin,2025-05-09 08:04:29
admin,2025-05-09 08:09:06
admin,2025-05-09 08:19:11
admin,2025-05-09 08:33:13
secretary,2025-05-09 08:52:59
admin,2025-05-09 09:11:39
